38-46,114-121,115-121,57-71,114-122,113-121,59-72,114-124,37-46,36-46,123-129,36-45,AA,count,average
0.0,0.0,0.0,0.0,0.0,0.0,0.0,0.0,0.0,0.0,0.0,0.0,M,0,
0.0,0.0,0.0,0.0,0.0,0.0,0.0,0.0,0.0,0.0,0.0,0.0,M,0,
0.0,0.0,0.0,0.0,0.0,0.0,0.0,0.0,0.0,0.0,0.0,0.0,S,0,
0.0,0.0,0.0,0.0,0.0,0.0,0.0,0.0,0.0,0.0,0.0,0.0,F,0,
0.0,0.0,0.0,0.0,0.0,0.0,0.0,0.0,0.0,0.0,0.0,0.0,V,0,
0.0,0.0,0.0,0.0,0.0,0.0,0.0,0.0,0.0,0.0,0.0,0.0,S,0,
0.0,0.0,0.0,0.0,0.0,0.0,0.0,0.0,0.0,0.0,0.0,0.0,L,0,
0.0,0.0,0.0,0.0,0.0,0.0,0.0,0.0,0.0,0.0,0.0,0.0,L,0,
0.0,0.0,0.0,0.0,0.0,0.0,0.0,0.0,0.0,0.0,0.0,0.0,L,0,
0.0,0.0,0.0,0.0,0.0,0.0,0.0,0.0,0.0,0.0,0.0,0.0,V,0,
0.0,0.0,0.0,0.0,0.0,0.0,0.0,0.0,0.0,0.0,0.0,0.0,G,0,
0.0,0.0,0.0,0.0,0.0,0.0,0.0,0.0,0.0,0.0,0.0,0.0,I,0,
0.0,0.0,0.0,0.0,0.0,0.0,0.0,0.0,0.0,0.0,0.0,0.0,L,0,
0.0,0.0,0.0,0.0,0.0,0.0,0.0,0.0,0.0,0.0,0.0,0.0,F,0,
0.0,0.0,0.0,0.0,0.0,0.0,0.0,0.0,0.0,0.0,0.0,0.0,H,0,
0.0,0.0,0.0,0.0,0.0,0.0,0.0,0.0,0.0,0.0,0.0,0.0,A,0,
0.0,0.0,0.0,0.0,0.0,0.0,0.0,0.0,0.0,0.0,0.0,0.0,T,0,
0.0,0.0,0.0,0.0,0.0,0.0,0.0,0.0,0.0,0.0,0.0,0.0,Q,0,
0.0,0.0,0.0,0.0,0.0,0.0,0.0,0.0,0.0,0.0,0.0,0.0,A,0,
0.0,0.0,0.0,0.0,0.0,0.0,0.0,0.0,0.0,0.0,0.0,0.0,E,0,
0.0,0.0,0.0,0.0,0.0,0.0,0.0,0.0,0.0,0.0,0.0,0.0,Q,0,
0.0,0.0,0.0,0.0,0.0,0.0,0.0,0.0,0.0,0.0,0.0,0.0,L,0,
0.0,0.0,0.0,0.0,0.0,0.0,0.0,0.0,0.0,0.0,0.0,0.0,T,0,
0.0,0.0,0.0,0.0,0.0,0.0,0.0,0.0,0.0,0.0,0.0,0.0,K,0,
0.0,0.0,0.0,0.0,0.0,0.0,0.0,0.0,0.0,0.0,0.0,0.0,C,0,
0.0,0.0,0.0,0.0,0.0,0.0,0.0,0.0,0.0,0.0,0.0,0.0,E,0,
0.0,0.0,0.0,0.0,0.0,0.0,0.0,0.0,0.0,0.0,0.0,0.0,V,0,
0.0,0.0,0.0,0.0,0.0,0.0,0.0,0.0,0.0,0.0,0.0,0.0,F,0,
0.0,0.0,0.0,0.0,0.0,0.0,0.0,0.0,0.0,0.0,0.0,0.0,R,0,
0.0,0.0,0.0,0.0,0.0,0.0,0.0,0.0,0.0,0.0,0.0,0.0,E,0,
0.0,0.0,0.0,0.0,0.0,0.0,0.0,0.0,0.0,0.0,0.0,0.0,L,0,
0.0,0.0,0.0,0.0,0.0,0.0,0.0,0.0,0.0,0.0,0.0,0.0,K,0,
0.0,0.0,0.0,0.0,0.0,0.0,0.0,0.0,0.0,0.0,0.0,0.0,D,0,
0.0,0.0,0.0,0.0,0.0,0.0,0.0,0.0,0.0,0.0,0.0,0.0,L,0,
0.0,0.0,0.0,0.0,0.0,0.0,0.0,0.0,0.0,0.0,0.0,0.0,K,0,
0.0,0.0,0.0,0.0,0.0,0.0,0.0,0.0,0.0,111063915.49857964,0.0,6534600.583333333,G,2,39199506.02730432
0.0,0.0,0.0,0.0,0.0,0.0,0.0,0.0,1078109.4791666667,111063915.49857964,0.0,6534600.583333333,Y,3,29669157.14026991
285308925.46291506,0.0,0.0,0.0,0.0,0.0,0.0,0.0,1078109.4791666667,111063915.49857964,0.0,6534600.583333333,G,4,80797111.00479893
285308925.46291506,0.0,0.0,0.0,0.0,0.0,0.0,0.0,1078109.4791666667,111063915.49857964,0.0,6534600.583333333,G,4,80797111.00479893
285308925.46291506,0.0,0.0,0.0,0.0,0.0,0.0,0.0,1078109.4791666667,111063915.49857964,0.0,6534600.583333333,V,4,80797111.00479893
285308925.46291506,0.0,0.0,0.0,0.0,0.0,0.0,0.0,1078109.4791666667,111063915.49857964,0.0,6534600.583333333,S,4,80797111.00479893
285308925.46291506,0.0,0.0,0.0,0.0,0.0,0.0,0.0,1078109.4791666667,111063915.49857964,0.0,6534600.583333333,L,4,80797111.00479893
285308925.46291506,0.0,0.0,0.0,0.0,0.0,0.0,0.0,1078109.4791666667,111063915.49857964,0.0,6534600.583333333,P,4,80797111.00479893
285308925.46291506,0.0,0.0,0.0,0.0,0.0,0.0,0.0,1078109.4791666667,111063915.49857964,0.0,6534600.583333333,E,4,80797111.00479893
285308925.46291506,0.0,0.0,0.0,0.0,0.0,0.0,0.0,1078109.4791666667,111063915.49857964,0.0,6534600.583333333,W,4,80797111.00479893
285308925.46291506,0.0,0.0,0.0,0.0,0.0,0.0,0.0,1078109.4791666667,111063915.49857964,0.0,0.0,V,3,99362738.36016534
0.0,0.0,0.0,0.0,0.0,0.0,0.0,0.0,0.0,0.0,0.0,0.0,C,0,
0.0,0.0,0.0,0.0,0.0,0.0,0.0,0.0,0.0,0.0,0.0,0.0,T,0,
0.0,0.0,0.0,0.0,0.0,0.0,0.0,0.0,0.0,0.0,0.0,0.0,T,0,
0.0,0.0,0.0,0.0,0.0,0.0,0.0,0.0,0.0,0.0,0.0,0.0,F,0,
0.0,0.0,0.0,0.0,0.0,0.0,0.0,0.0,0.0,0.0,0.0,0.0,H,0,
0.0,0.0,0.0,0.0,0.0,0.0,0.0,0.0,0.0,0.0,0.0,0.0,T,0,
0.0,0.0,0.0,0.0,0.0,0.0,0.0,0.0,0.0,0.0,0.0,0.0,S,0,
0.0,0.0,0.0,0.0,0.0,0.0,0.0,0.0,0.0,0.0,0.0,0.0,G,0,
0.0,0.0,0.0,0.0,0.0,0.0,0.0,0.0,0.0,0.0,0.0,0.0,Y,0,
0.0,0.0,0.0,0.0,0.0,0.0,0.0,0.0,0.0,0.0,0.0,0.0,D,0,
0.0,0.0,0.0,423088.7552083333,0.0,0.0,0.0,0.0,0.0,0.0,0.0,0.0,T,1,211544.87760416666
0.0,0.0,0.0,423088.7552083333,0.0,0.0,0.0,0.0,0.0,0.0,0.0,0.0,Q,1,211544.87760416666
0.0,0.0,0.0,423088.7552083333,0.0,0.0,519178.9427083333,0.0,0.0,0.0,0.0,0.0,A,2,314089.89930555556
0.0,0.0,0.0,423088.7552083333,0.0,0.0,519178.9427083333,0.0,0.0,0.0,0.0,0.0,I,2,314089.89930555556
0.0,0.0,0.0,423088.7552083333,0.0,0.0,519178.9427083333,0.0,0.0,0.0,0.0,0.0,V,2,314089.89930555556
0.0,0.0,0.0,423088.7552083333,0.0,0.0,519178.9427083333,0.0,0.0,0.0,0.0,0.0,Q,2,314089.89930555556
0.0,0.0,0.0,423088.7552083333,0.0,0.0,519178.9427083333,0.0,0.0,0.0,0.0,0.0,N,2,314089.89930555556
0.0,0.0,0.0,423088.7552083333,0.0,0.0,519178.9427083333,0.0,0.0,0.0,0.0,0.0,N,2,314089.89930555556
0.0,0.0,0.0,423088.7552083333,0.0,0.0,519178.9427083333,0.0,0.0,0.0,0.0,0.0,D,2,314089.89930555556
0.0,0.0,0.0,423088.7552083333,0.0,0.0,519178.9427083333,0.0,0.0,0.0,0.0,0.0,S,2,314089.89930555556
0.0,0.0,0.0,423088.7552083333,0.0,0.0,519178.9427083333,0.0,0.0,0.0,0.0,0.0,T,2,314089.89930555556
0.0,0.0,0.0,423088.7552083333,0.0,0.0,519178.9427083333,0.0,0.0,0.0,0.0,0.0,E,2,314089.89930555556
0.0,0.0,0.0,423088.7552083333,0.0,0.0,519178.9427083333,0.0,0.0,0.0,0.0,0.0,Y,2,314089.89930555556
0.0,0.0,0.0,423088.7552083333,0.0,0.0,519178.9427083333,0.0,0.0,0.0,0.0,0.0,G,2,314089.89930555556
0.0,0.0,0.0,423088.7552083333,0.0,0.0,519178.9427083333,0.0,0.0,0.0,0.0,0.0,L,2,314089.89930555556
0.0,0.0,0.0,0.0,0.0,0.0,519178.9427083333,0.0,0.0,0.0,0.0,0.0,F,1,259589.97135416666
0.0,0.0,0.0,0.0,0.0,0.0,0.0,0.0,0.0,0.0,0.0,0.0,Q,0,
0.0,0.0,0.0,0.0,0.0,0.0,0.0,0.0,0.0,0.0,0.0,0.0,I,0,
0.0,0.0,0.0,0.0,0.0,0.0,0.0,0.0,0.0,0.0,0.0,0.0,N,0,
0.0,0.0,0.0,0.0,0.0,0.0,0.0,0.0,0.0,0.0,0.0,0.0,N,0,
0.0,0.0,0.0,0.0,0.0,0.0,0.0,0.0,0.0,0.0,0.0,0.0,K,0,
0.0,0.0,0.0,0.0,0.0,0.0,0.0,0.0,0.0,0.0,0.0,0.0,I,0,
0.0,0.0,0.0,0.0,0.0,0.0,0.0,0.0,0.0,0.0,0.0,0.0,W,0,
0.0,0.0,0.0,0.0,0.0,0.0,0.0,0.0,0.0,0.0,0.0,0.0,C,0,
0.0,0.0,0.0,0.0,0.0,0.0,0.0,0.0,0.0,0.0,0.0,0.0,K,0,
0.0,0.0,0.0,0.0,0.0,0.0,0.0,0.0,0.0,0.0,0.0,0.0,D,0,
0.0,0.0,0.0,0.0,0.0,0.0,0.0,0.0,0.0,0.0,0.0,0.0,D,0,
0.0,0.0,0.0,0.0,0.0,0.0,0.0,0.0,0.0,0.0,0.0,0.0,H,0,
0.0,0.0,0.0,0.0,0.0,0.0,0.0,0.0,0.0,0.0,0.0,0.0,N,0,
0.0,0.0,0.0,0.0,0.0,0.0,0.0,0.0,0.0,0.0,0.0,0.0,P,0,
0.0,0.0,0.0,0.0,0.0,0.0,0.0,0.0,0.0,0.0,0.0,0.0,H,0,
0.0,0.0,0.0,0.0,0.0,0.0,0.0,0.0,0.0,0.0,0.0,0.0,S,0,
0.0,0.0,0.0,0.0,0.0,0.0,0.0,0.0,0.0,0.0,0.0,0.0,S,0,
0.0,0.0,0.0,0.0,0.0,0.0,0.0,0.0,0.0,0.0,0.0,0.0,N,0,
0.0,0.0,0.0,0.0,0.0,0.0,0.0,0.0,0.0,0.0,0.0,0.0,I,0,
0.0,0.0,0.0,0.0,0.0,0.0,0.0,0.0,0.0,0.0,0.0,0.0,C,0,
0.0,0.0,0.0,0.0,0.0,0.0,0.0,0.0,0.0,0.0,0.0,0.0,N,0,
0.0,0.0,0.0,0.0,0.0,0.0,0.0,0.0,0.0,0.0,0.0,0.0,I,0,
0.0,0.0,0.0,0.0,0.0,0.0,0.0,0.0,0.0,0.0,0.0,0.0,S,0,
0.0,0.0,0.0,0.0,0.0,0.0,0.0,0.0,0.0,0.0,0.0,0.0,C,0,
0.0,0.0,0.0,0.0,0.0,0.0,0.0,0.0,0.0,0.0,0.0,0.0,D,0,
0.0,0.0,0.0,0.0,0.0,0.0,0.0,0.0,0.0,0.0,0.0,0.0,K,0,
0.0,0.0,0.0,0.0,0.0,0.0,0.0,0.0,0.0,0.0,0.0,0.0,F,0,
0.0,0.0,0.0,0.0,0.0,0.0,0.0,0.0,0.0,0.0,0.0,0.0,L,0,
0.0,0.0,0.0,0.0,0.0,0.0,0.0,0.0,0.0,0.0,0.0,0.0,D,0,
0.0,0.0,0.0,0.0,0.0,0.0,0.0,0.0,0.0,0.0,0.0,0.0,D,0,
0.0,0.0,0.0,0.0,0.0,0.0,0.0,0.0,0.0,0.0,0.0,0.0,D,0,
0.0,0.0,0.0,0.0,0.0,0.0,0.0,0.0,0.0,0.0,0.0,0.0,L,0,
0.0,0.0,0.0,0.0,0.0,0.0,0.0,0.0,0.0,0.0,0.0,0.0,T,0,
0.0,0.0,0.0,0.0,0.0,0.0,0.0,0.0,0.0,0.0,0.0,0.0,D,0,
0.0,0.0,0.0,0.0,0.0,0.0,0.0,0.0,0.0,0.0,0.0,0.0,D,0,
0.0,0.0,0.0,0.0,0.0,0.0,0.0,0.0,0.0,0.0,0.0,0.0,I,0,
0.0,0.0,0.0,0.0,0.0,0.0,0.0,0.0,0.0,0.0,0.0,0.0,M,0,
0.0,0.0,0.0,0.0,0.0,0.0,0.0,0.0,0.0,0.0,0.0,0.0,C,0,
0.0,0.0,0.0,0.0,0.0,0.0,0.0,0.0,0.0,0.0,0.0,0.0,V,0,
0.0,0.0,0.0,0.0,0.0,0.0,0.0,0.0,0.0,0.0,0.0,0.0,K,0,
0.0,0.0,0.0,0.0,0.0,1046277.28125,0.0,0.0,0.0,0.0,0.0,0.0,K,1,523139.140625
0.0,39551439.0,0.0,0.0,687227.453125,1046277.28125,0.0,43973.862955729164,0.0,0.0,0.0,0.0,I,4,8265784.319466146
0.0,39551439.0,6345324.25390625,0.0,687227.453125,1046277.28125,0.0,43973.862955729164,0.0,0.0,0.0,0.0,L,5,7945707.808539496
0.0,39551439.0,6345324.25390625,0.0,687227.453125,1046277.28125,0.0,43973.862955729164,0.0,0.0,0.0,0.0,D,5,7945707.808539496
0.0,39551439.0,6345324.25390625,0.0,687227.453125,1046277.28125,0.0,43973.862955729164,0.0,0.0,0.0,0.0,K,5,7945707.808539496
0.0,39551439.0,6345324.25390625,0.0,687227.453125,1046277.28125,0.0,43973.862955729164,0.0,0.0,0.0,0.0,V,5,7945707.808539496
0.0,39551439.0,6345324.25390625,0.0,687227.453125,1046277.28125,0.0,43973.862955729164,0.0,0.0,0.0,0.0,G,5,7945707.808539496
0.0,39551439.0,6345324.25390625,0.0,687227.453125,1046277.28125,0.0,43973.862955729164,0.0,0.0,0.0,0.0,I,5,7945707.808539496
0.0,39551439.0,6345324.25390625,0.0,687227.453125,1046277.28125,0.0,43973.862955729164,0.0,0.0,0.0,0.0,N,5,7945707.808539496
0.0,0.0,0.0,0.0,687227.453125,0.0,0.0,43973.862955729164,0.0,0.0,0.0,0.0,Y,2,243734.43869357638
0.0,0.0,0.0,0.0,0.0,0.0,0.0,43973.862955729164,0.0,0.0,3078158.983816964,0.0,W,2,1040711.6155908977
0.0,0.0,0.0,0.0,0.0,0.0,0.0,43973.862955729164,0.0,0.0,3078158.983816964,0.0,L,2,1040711.6155908977
0.0,0.0,0.0,0.0,0.0,0.0,0.0,0.0,0.0,0.0,3078158.983816964,0.0,A,1,1539079.991908482
0.0,0.0,0.0,0.0,0.0,0.0,0.0,0.0,0.0,0.0,3078158.983816964,0.0,H,1,1539079.991908482
0.0,0.0,0.0,0.0,0.0,0.0,0.0,0.0,0.0,0.0,3078158.983816964,0.0,K,1,1539079.991908482
0.0,0.0,0.0,0.0,0.0,0.0,0.0,0.0,0.0,0.0,3078158.983816964,0.0,A,1,1539079.991908482
0.0,0.0,0.0,0.0,0.0,0.0,0.0,0.0,0.0,0.0,3078158.983816964,0.0,L,1,1539079.991908482
0.0,0.0,0.0,0.0,0.0,0.0,0.0,0.0,0.0,0.0,0.0,0.0,C,0,
0.0,0.0,0.0,0.0,0.0,0.0,0.0,0.0,0.0,0.0,0.0,0.0,S,0,
0.0,0.0,0.0,0.0,0.0,0.0,0.0,0.0,0.0,0.0,0.0,0.0,E,0,
0.0,0.0,0.0,0.0,0.0,0.0,0.0,0.0,0.0,0.0,0.0,0.0,K,0,
0.0,0.0,0.0,0.0,0.0,0.0,0.0,0.0,0.0,0.0,0.0,0.0,L,0,
0.0,0.0,0.0,0.0,0.0,0.0,0.0,0.0,0.0,0.0,0.0,0.0,D,0,
0.0,0.0,0.0,0.0,0.0,0.0,0.0,0.0,0.0,0.0,0.0,0.0,Q,0,
0.0,0.0,0.0,0.0,0.0,0.0,0.0,0.0,0.0,0.0,0.0,0.0,W,0,
0.0,0.0,0.0,0.0,0.0,0.0,0.0,0.0,0.0,0.0,0.0,0.0,L,0,
0.0,0.0,0.0,0.0,0.0,0.0,0.0,0.0,0.0,0.0,0.0,0.0,C,0,
0.0,0.0,0.0,0.0,0.0,0.0,0.0,0.0,0.0,0.0,0.0,0.0,E,0,
0.0,0.0,0.0,0.0,0.0,0.0,0.0,0.0,0.0,0.0,0.0,0.0,K,0,
0.0,0.0,0.0,0.0,0.0,0.0,0.0,0.0,0.0,0.0,0.0,0.0,L,0,
